graph_family,input_description,n,p_delete,p_positive,clique_sizes_label,num_cliques,largest_clique_size,clique_imbalance_ratio,ego_id,avg_edge_pivot_ratio,avg_edge_lp_ratio,avg_complete_bad_triangle_density,avg_edge_bad_triangle_density,median_runtime_seconds
clique,clique 3-2-5,10,0.05,,3-2-5,3.0,5.0,2.5,,1.7837428571428573,0.9954761904761905,0.1175,0.10149999999999998,0.0409690141677856
clique,clique 3-2-5,10,0.15,,3-2-5,3.0,5.0,2.5,,2.015646258503401,0.9979591836734694,0.1175,0.07183333333333333,0.03578507900238035
clique,clique 3-2-5,10,0.25,,3-2-5,3.0,5.0,2.5,,2.108639455782313,0.9906462585034015,0.1175,0.05083333333333333,0.0309430360794067
clique,clique 3-2-5,10,0.4,,3-2-5,3.0,5.0,2.5,,2.2609999999999997,0.9962962962962962,0.1175,0.025166666666666667,0.0263985395431518
clique,clique 3-3-4,10,0.05,,3-3-4,3.0,4.0,1.3333333333333333,,1.6072761904761905,0.99875,0.11416666666666667,0.10033333333333332,0.04162704944610595
clique,clique 3-3-4,10,0.15,,3-3-4,3.0,4.0,1.3333333333333333,,1.7399285714285713,0.9965714285714286,0.11416666666666667,0.07266666666666667,0.03668892383575435
clique,clique 3-3-4,10,0.25,,3-3-4,3.0,4.0,1.3333333333333333,,1.88156462585034,0.9954081632653061,0.11416666666666667,0.05133333333333333,0.0305379629135131
clique,clique 3-3-4,10,0.4,,3-3-4,3.0,4.0,1.3333333333333333,,1.9294186046511628,0.992248062015504,0.11416666666666667,0.025666666666666664,0.026577353477478
clique,clique 5-5,10,0.05,,5-5,2.0,5.0,1.0,,1.9628944444444445,1.0,0.1525,0.13083333333333333,0.04473996162414545
clique,clique 5-5,10,0.15,,5-5,2.0,5.0,1.0,,2.451433333333333,1.0,0.1525,0.09233333333333332,0.039082646369934
clique,clique 5-5,10,0.25,,5-5,2.0,5.0,1.0,,2.721142857142857,0.9975,0.1525,0.06516666666666665,0.0338854789733886
clique,clique 5-5,10,0.4,,5-5,2.0,5.0,1.0,,2.801851851851852,0.9879629629629628,0.1525,0.033999999999999996,0.029639482498168897
clique,clique 5-5-3-2,15,0.05,,5-5-3-2,4.0,5.0,2.5,,1.8396632395382395,0.9979464285714286,0.09824175824175825,0.08536263736263736,0.14770996570587155
clique,clique 5-5-3-2,15,0.15,,5-5-3-2,4.0,5.0,2.5,,1.9236007104007107,0.9934599567099568,0.09824175824175825,0.061890109890109894,0.1259628534317016
clique,clique 5-5-3-2,15,0.25,,5-5-3-2,4.0,5.0,2.5,,2.025070851370851,0.9935373376623378,0.09824175824175825,0.04197802197802198,0.1102420091629028
clique,clique 5-5-3-2,15,0.4,,5-5-3-2,4.0,5.0,2.5,,2.15322417027417,0.9892845117845118,0.09824175824175825,0.022461538461538456,0.09259104728698725
clique,clique 5-5-5,15,0.05,,5-5-5,3.0,5.0,1.0,,1.9433836800454447,0.9965745692216281,0.11604395604395604,0.10101098901098902,0.14942646026611325
clique,clique 5-5-5,15,0.15,,5-5-5,3.0,5.0,1.0,,2.033555710955711,0.9993333333333334,0.11604395604395604,0.07178021978021978,0.1276297569274902
clique,clique 5-5-5,15,0.25,,5-5-5,3.0,5.0,1.0,,2.1000236263736265,0.9977380952380953,0.11604395604395604,0.05002197802197803,0.1116029024124145
clique,clique 5-5-5,15,0.4,,5-5-5,3.0,5.0,1.0,,2.3033063492063492,0.9992857142857143,0.11604395604395604,0.026945054945054944,0.0932610034942627
clique,clique 8-7,15,0.05,,8-7,2.0,8.0,1.1428571428571428,,2.147497707521237,1.0,0.17107692307692307,0.14707692307692308,0.14922392368316645
clique,clique 8-7,15,0.15,,8-7,2.0,8.0,1.1428571428571428,,2.3395293272087385,1.0,0.17107692307692307,0.10610989010989011,0.12901556491851807
clique,clique 8-7,15,0.25,,8-7,2.0,8.0,1.1428571428571428,,2.629135248085248,1.0,0.17107692307692307,0.0723956043956044,0.1149755716323852
clique,clique 8-7,15,0.4,,8-7,2.0,8.0,1.1428571428571428,,3.1772094239094235,1.0,0.17107692307692307,0.038065934065934066,0.09601008892059325
clique,clique 10-10,20,0.05,,10-10,2.0,10.0,1.0,,2.2823639269485243,1.0,0.16907017543859645,0.14564912280701753,0.4205955266952514
clique,clique 10-10,20,0.15,,10-10,2.0,10.0,1.0,,2.650690175698279,1.0,0.16907017543859645,0.10294736842105263,0.350122332572937
clique,clique 10-10,20,0.25,,10-10,2.0,10.0,1.0,,2.914967509571612,1.0,0.16907017543859645,0.07114035087719298,0.3072974681854248
clique,clique 10-10,20,0.4,,10-10,2.0,10.0,1.0,,3.1973934358125535,1.0,0.16907017543859645,0.036263157894736844,0.2575634717941284
clique,clique 5-5-5-5,20,0.05,,5-5-5-5,4.0,5.0,1.0,,1.8944904435489878,0.9995833333333333,0.09771929824561403,0.08433333333333332,0.407800555229187
clique,clique 5-5-5-5,20,0.15,,5-5-5-5,4.0,5.0,1.0,,1.946388116974185,0.9989473684210526,0.09771929824561403,0.059824561403508766,0.3467251062393188
clique,clique 5-5-5-5,20,0.25,,5-5-5-5,4.0,5.0,1.0,,1.9888363570897627,0.9969581501831501,0.09771929824561403,0.04156140350877193,0.3012953996658325
clique,clique 5-5-5-5,20,0.4,,5-5-5-5,4.0,5.0,1.0,,1.9890881174381176,0.9898967143967144,0.09771929824561403,0.020263157894736844,0.25308406352996826
clique,clique 7-7-6,20,0.05,,7-7-6,3.0,7.0,1.1666666666666667,,2.056459205675571,1.0,0.122859649122807,0.10578947368421053,0.4143943786621094
clique,clique 7-7-6,20,0.15,,7-7-6,3.0,7.0,1.1666666666666667,,2.179982249518627,1.0,0.122859649122807,0.07459649122807017,0.35118627548217773
clique,clique 7-7-6,20,0.25,,7-7-6,3.0,7.0,1.1666666666666667,,2.2559001854612535,1.0,0.122859649122807,0.05101754385964912,0.30657148361206055
clique,clique 7-7-6,20,0.4,,7-7-6,3.0,7.0,1.1666666666666667,,2.402117524142524,0.9977948717948718,0.122859649122807,0.025157894736842108,0.2538849115371704
clique,clique 10-10-5,25,0.05,,10-10-5,3.0,10.0,2.0,,2.1507402187973548,1.0,0.13720000000000002,0.11748695652173911,0.9478541612625122
clique,clique 10-10-5,25,0.15,,10-10-5,3.0,10.0,2.0,,2.302714331341459,1.0,0.13720000000000002,0.08052173913043477,0.7702369689941406
clique,clique 10-10-5,25,0.25,,10-10-5,3.0,10.0,2.0,,2.4058106810825763,1.0,0.13720000000000002,0.056860869565217395,0.6735110282897949
clique,clique 10-10-5,25,0.4,,10-10-5,3.0,10.0,2.0,,2.502960147334232,0.9981801346801347,0.13720000000000002,0.028921739130434783,0.5717165470123291
clique,clique 12-7-6,25,0.05,,12-7-6,3.0,12.0,2.0,,2.1926018617259335,1.0,0.13806086956521738,0.11878260869565217,0.9519580602645874
clique,clique 12-7-6,25,0.15,,12-7-6,3.0,12.0,2.0,,2.35463599380031,1.0,0.13806086956521738,0.0839391304347826,0.7634695768356323
clique,clique 12-7-6,25,0.25,,12-7-6,3.0,12.0,2.0,,2.486473007385232,1.0,0.13806086956521738,0.05770434782608696,0.6700783967971802
clique,clique 12-7-6,25,0.4,,12-7-6,3.0,12.0,2.0,,2.5846686785403166,0.9995,0.13806086956521738,0.030017391304347826,0.5728505849838257
clique,clique 13-12,25,0.05,,13-12,2.0,13.0,1.0833333333333333,,2.3657119658502195,1.0,0.1749565217391304,0.15050434782608696,0.9176809787750244
clique,clique 13-12,25,0.15,,13-12,2.0,13.0,1.0833333333333333,,2.6626905010999966,1.0,0.1749565217391304,0.10712173913043477,0.7697144746780396
clique,clique 13-12,25,0.25,,13-12,2.0,13.0,1.0833333333333333,,2.9453626815345006,1.0,0.1749565217391304,0.07386086956521738,0.6716281175613403
clique,clique 13-12,25,0.4,,13-12,2.0,13.0,1.0833333333333333,,3.199388802073399,1.0,0.1749565217391304,0.03766086956521739,0.5678045749664307
clique,clique 9-8-8,25,0.05,,9-8-8,3.0,9.0,1.125,,2.0961385120239755,1.0,0.12795652173913044,0.11026956521739129,0.960934042930603
clique,clique 9-8-8,25,0.15,,9-8-8,3.0,9.0,1.125,,2.225417703685351,1.0,0.12795652173913044,0.0770695652173913,0.7657909393310547
clique,clique 9-8-8,25,0.25,,9-8-8,3.0,9.0,1.125,,2.295819004582262,0.9995652173913043,0.12795652173913044,0.05386956521739131,0.6738965511322021
clique,clique 9-8-8,25,0.4,,9-8-8,3.0,9.0,1.125,,2.3660209740376286,1.0,0.12795652173913044,0.0279304347826087,0.5730165243148804
clique,clique 10-10-10,30,0.05,,10-10-10,3.0,10.0,1.0,,2.2028929715585077,1.0,0.1331576354679803,0.11479310344827587,1.8292404413223267
clique,clique 10-10-10,30,0.15,,10-10-10,3.0,10.0,1.0,,2.3892897400897493,1.0,0.1331576354679803,0.08035960591133005,1.592878818511963
clique,clique 10-10-10,30,0.25,,10-10-10,3.0,10.0,1.0,,2.4693738461295722,1.0,0.1331576354679803,0.05546305418719211,1.3442842960357666
clique,clique 10-10-10,30,0.4,,10-10-10,3.0,10.0,1.0,,2.5524824407123456,1.0,0.1331576354679803,0.02817733990147783,1.0970369577407837
clique,clique 15-10-5,30,0.05,,15-10-5,3.0,15.0,3.0,,2.3031860816630396,1.0,0.14493103448275865,0.1252216748768473,1.7744184732437134
clique,clique 15-10-5,30,0.15,,15-10-5,3.0,15.0,3.0,,2.5309422358267373,1.0,0.14493103448275865,0.0887142857142857,1.5304679870605469
clique,clique 15-10-5,30,0.25,,15-10-5,3.0,15.0,3.0,,2.6795554870170077,1.0,0.14493103448275865,0.06105418719211823,1.3176594972610474
clique,clique 15-10-5,30,0.4,,15-10-5,3.0,15.0,3.0,,2.8048348217744383,0.9995652173913043,0.14493103448275865,0.03141379310344828,1.0799479484558105
clique,clique 15-15,30,0.05,,15-15,2.0,15.0,1.0,,2.4098513955378245,1.0,0.17567980295566504,0.15120197044334974,1.702800989151001
clique,clique 15-15,30,0.15,,15-15,2.0,15.0,1.0,,2.789409067746648,1.0,0.17567980295566504,0.10744827586206895,1.5044611692428589
clique,clique 15-15,30,0.25,,15-15,2.0,15.0,1.0,,3.050139341282667,1.0,0.17567980295566504,0.07418226600985221,1.2859550714492798
clique,clique 15-15,30,0.4,,15-15,2.0,15.0,1.0,,3.3246023056964717,1.0,0.17567980295566504,0.038108374384236456,1.055763602256775
clique,clique 20-5-5,30,0.05,,20-5-5,3.0,20.0,4.0,,2.5281372893102234,1.0,0.167807881773399,0.14464039408866994,1.716019630432129
clique,clique 20-5-5,30,0.15,,20-5-5,3.0,20.0,4.0,,2.8648274766889954,1.0,0.167807881773399,0.10323645320197045,1.493038535118103
clique,clique 20-5-5,30,0.25,,20-5-5,3.0,20.0,4.0,,3.1229190757161858,1.0,0.167807881773399,0.07082758620689654,1.2808194160461426
clique,clique 20-5-5,30,0.4,,20-5-5,3.0,20.0,4.0,,3.3937106185729977,0.9992426367461431,0.167807881773399,0.0357487684729064,1.0528450012207031
clique,clique 10-10-10-10-10-10-10-10-10-10,100,0.05,,10-10-10-10-10-10-10-10-10-10,10.0,10.0,1.0,,1.830287896633616,0.8638792414501505,0.06318408575551433,0.05437023294166151,189.2479739189148
clique,clique 10-10-10-10-10-10-10-10-10-10,100,0.15,,10-10-10-10-10-10-10-10-10-10,10.0,10.0,1.0,,1.7800825880018096,0.8667643377573242,0.06318408575551433,0.038348794063079776,151.9396951198578
clique,clique 10-10-10-10-10-10-10-10-10-10,100,0.25,,10-10-10-10-10-10-10-10-10-10,10.0,10.0,1.0,,1.7304366736258427,0.8693965206145886,0.06318408575551433,0.02634508348794063,136.61962985992432
clique,clique 10-10-10-10-10-10-10-10-10-10,100,0.4,,10-10-10-10-10-10-10-10-10-10,10.0,10.0,1.0,,1.6344333784950587,0.8657070482580101,0.06318408575551433,0.013673469387755101,126.203852891922
clique,clique 25-25-25-25,100,0.05,,25-25-25-25,4.0,25.0,1.0,,2.234256480772036,1.0,0.1151861471861472,0.0990220573077716,115.5996799468994
clique,clique 25-25-25-25,100,0.15,,25-25-25-25,4.0,25.0,1.0,,2.3398878733556154,1.0,0.1151861471861472,0.07005524634096062,96.75748991966248
clique,clique 25-25-25-25,100,0.25,,25-25-25-25,4.0,25.0,1.0,,2.394653737802353,1.0,0.1151861471861472,0.04786064728921872,89.10642099380493
clique,clique 25-25-25-25,100,0.4,,25-25-25-25,4.0,25.0,1.0,,2.435554874431995,1.0,0.1151861471861472,0.02482374768089054,78.52247595787048
clique,clique 60-25-10-5,100,0.05,,60-25-10-5,4.0,60.0,12.0,,2.5862565569200644,1.0,0.1575959595959596,0.13524634096062668,113.71386408805849
clique,clique 60-25-10-5,100,0.15,,60-25-10-5,4.0,60.0,12.0,,2.8744945987102954,1.0,0.1575959595959596,0.09567429396000823,99.28021216392516
clique,clique 60-25-10-5,100,0.25,,60-25-10-5,4.0,60.0,12.0,,3.065003310784829,1.0,0.1575959595959596,0.06571634714491857,92.77857613563538
clique,clique 60-25-10-5,100,0.4,,60-25-10-5,4.0,60.0,12.0,,3.3796565283512714,1.0,0.1575959595959596,0.0343162234590806,82.2476270198822
facebook,facebook ego 3980.0,58,0.05,,,,,,3980.0,1.398648648648649,0.8918918918918919,0.019963702359346643,0.018019185895773917,25.556480884552
facebook,facebook ego 3980.0,58,0.15,,,,,,3980.0,1.516417910447761,0.9029850746268656,0.019963702359346643,0.013319937775473165,25.49323272705078
facebook,facebook ego 3980.0,58,0.25,,,,,,3980.0,1.539655172413793,0.9310344827586208,0.019963702359346643,0.00981980814104226,13.382734060287476
facebook,facebook ego 3980.0,58,0.4,,,,,,3980.0,1.6297297297297295,0.9864864864864896,0.019963702359346643,0.003694581280788177,6.51894998550415
facebook,facebook ego 698.0,64,0.05,,,,,,698.0,1.6819148936170212,0.9680851063829788,0.024937596006144393,0.022801459293394777,61.229390144348145
facebook,facebook ego 698.0,64,0.15,,,,,,698.0,1.8231707317073171,0.9634146341463414,0.024937596006144393,0.016897081413210446,55.34868407249451
facebook,facebook ego 698.0,64,0.25,,,,,,698.0,1.9305555555555556,0.9722222222222222,0.024937596006144393,0.01231278801843318,28.80160164833069
facebook,facebook ego 698.0,64,0.4,,,,,,698.0,1.9226415094339624,0.9905660377358492,0.024937596006144393,0.005856374807987712,15.914793014526367
facebook,facebook ego 414.0,155,0.05,,,,,,414.0,1.545382585751979,0.9307387862796904,0.028702859442897393,0.024612073568430304,1644.1335637569427
facebook,facebook ego 414.0,155,0.15,,,,,,414.0,1.6434328358208954,0.9380597014925331,0.028702859442897393,0.017692238185596818,2576.461215019226
facebook,facebook ego 414.0,155,0.25,,,,,,414.0,1.683756345177665,0.931472081218274,0.028702859442897393,0.012134355208359003,898.0743181705475
facebook,facebook ego 414.0,155,0.4,,,,,,414.0,1.764516129032258,0.943010752688172,0.028702859442897393,0.006359611293197631,514.0343158245087
facebook,facebook ego 686.0,170,0.05,,,,,,686.0,,,0.035696882303217145,0.03066853960519119,368.60119104385376
facebook,facebook ego 686.0,170,0.15,,,,,,686.0,,,0.035696882303217145,0.022344736711252547,470.5893321037293
facebook,facebook ego 686.0,170,0.25,,,,,,686.0,,,0.035696882303217145,0.015638207945900255,270.8615779876709
facebook,facebook ego 686.0,170,0.4,,,,,,686.0,,,0.035696882303217145,0.008801153597533688,236.18790221214297
random,"random n=5, p+=0.200",5,0.05,0.2,,,,,,1.1888888888888889,0.9722222222222222,0.09399999999999999,0.06,0.0055540800094604
random,"random n=5, p+=0.200",5,0.15,0.2,,,,,,1.0,1.0,0.09399999999999999,0.008,0.00519454479217525
random,"random n=5, p+=0.200",5,0.25,0.2,,,,,,,,0.09399999999999999,0.0,0.0048624277114867505
random,"random n=5, p+=0.200",5,0.4,0.2,,,,,,,,0.09399999999999999,0.0,0.004333972930908149
random,"random n=5, p+=0.300",5,0.05,0.3,,,,,,1.369230769230769,0.9903846153846154,0.158,0.106,0.00591838359832755
random,"random n=5, p+=0.300",5,0.15,0.3,,,,,,1.2916666666666667,1.0,0.158,0.030000000000000006,0.00530159473419185
random,"random n=5, p+=0.300",5,0.25,0.3,,,,,,1.0,1.0,0.158,0.002,0.00487458705902095
random,"random n=5, p+=0.300",5,0.4,0.3,,,,,,,,0.158,0.0,0.00453841686248775
random,"random n=5, p+=0.400",5,0.05,0.4,,,,,,1.3243243243243246,0.981981981981982,0.22799999999999998,0.176,0.0064696073532104
random,"random n=5, p+=0.400",5,0.15,0.4,,,,,,1.2625,0.9895833333333334,0.22799999999999998,0.07400000000000001,0.005828499794006301
random,"random n=5, p+=0.400",5,0.25,0.4,,,,,,1.1099999999999999,1.0,0.22799999999999998,0.022000000000000002,0.00512742996215815
random,"random n=5, p+=0.400",5,0.4,0.4,,,,,,,,0.22799999999999998,0.0,0.0046634674072265
random,"random n=5, p+=0.500",5,0.05,0.5,,,,,,1.3511363636363638,0.9962121212121212,0.3339999999999999,0.26199999999999996,0.00671994686126705
random,"random n=5, p+=0.500",5,0.15,0.5,,,,,,1.3546874999999998,1.0,0.3339999999999999,0.122,0.0062240362167358
random,"random n=5, p+=0.500",5,0.25,0.5,,,,,,1.2029411764705882,1.0,0.3339999999999999,0.052000000000000005,0.00533163547515865
random,"random n=5, p+=0.500",5,0.4,0.5,,,,,,,,0.3339999999999999,0.0,0.0047699213027953494
random,"random n=5, p+=0.600",5,0.05,0.6,,,,,,1.372517730496454,0.9911347517730497,0.446,0.37799999999999995,0.0068041086196899
random,"random n=5, p+=0.600",5,0.15,0.6,,,,,,1.5050000000000001,0.9958333333333333,0.446,0.23600000000000002,0.0063074827194213
random,"random n=5, p+=0.600",5,0.25,0.6,,,,,,1.4885416666666667,0.9947916666666667,0.446,0.14,0.00557899475097655
random,"random n=5, p+=0.600",5,0.4,0.6,,,,,,1.3624999999999998,1.0,0.446,0.038000000000000006,0.004887461662292449
random,"random n=5, p+=0.700",5,0.05,0.7,,,,,,1.4790816326530611,0.9863945578231293,0.508,0.436,0.006817460060119599
random,"random n=5, p+=0.700",5,0.15,0.7,,,,,,1.5288194444444445,0.9878472222222223,0.508,0.28800000000000003,0.00637948513031005
random,"random n=5, p+=0.700",5,0.25,0.7,,,,,,1.5666666666666667,0.9924242424242425,0.508,0.2,0.00583934783935545
random,"random n=5, p+=0.700",5,0.4,0.7,,,,,,1.6107142857142855,1.0,0.508,0.086,0.0049539804458617505
random,"random n=5, p+=0.800",5,0.05,0.8,,,,,,1.5806122448979592,1.0,0.418,0.35999999999999993,0.006460428237915
random,"random n=5, p+=0.800",5,0.15,0.8,,,,,,1.7428571428571429,1.0,0.418,0.24400000000000002,0.006270527839660599
random,"random n=5, p+=0.800",5,0.25,0.8,,,,,,1.7641304347826088,1.0,0.418,0.182,0.00593471527099605
random,"random n=5, p+=0.800",5,0.4,0.8,,,,,,1.7030303030303031,1.0,0.418,0.084,0.00491285324096675
random,"random n=10, p+=0.200",10,0.05,0.2,,,,,,1.2952,0.9381666666666668,0.09683333333333334,0.05566666666666666,0.040972948074340806
random,"random n=10, p+=0.200",10,0.15,0.2,,,,,,1.2047619047619047,0.9682539682539684,0.09683333333333334,0.007000000000000001,0.03135251998901365
random,"random n=10, p+=0.200",10,0.25,0.2,,,,,,,,0.09683333333333334,0.0,0.02888250350952145
random,"random n=10, p+=0.200",10,0.4,0.2,,,,,,,,0.09683333333333334,0.0,0.025111913681030197
random,"random n=10, p+=0.300",10,0.05,0.3,,,,,,1.4034333333333333,0.9486785714285715,0.18866666666666665,0.12833333333333333,0.043119430541992146
random,"random n=10, p+=0.300",10,0.15,0.3,,,,,,1.3878115501519757,0.9663627152988856,0.18866666666666665,0.04833333333333332,0.0363523960113525
random,"random n=10, p+=0.300",10,0.25,0.3,,,,,,1.0738095238095238,0.9642857142857143,0.18866666666666665,0.005333333333333333,0.03165900707244865
random,"random n=10, p+=0.300",10,0.4,0.3,,,,,,,,0.18866666666666665,0.0,0.02636444568634025
random,"random n=10, p+=0.400",10,0.05,0.4,,,,,,1.3992919913419914,0.9420944564694566,0.2806666666666667,0.2096666666666667,0.046769738197326605
random,"random n=10, p+=0.400",10,0.15,0.4,,,,,,1.411743650793651,0.9661587301587301,0.2806666666666667,0.10699999999999997,0.040707945823669406
random,"random n=10, p+=0.400",10,0.25,0.4,,,,,,1.4561702127659575,0.971808510638298,0.2806666666666667,0.0375,0.03490948677062985
random,"random n=10, p+=0.400",10,0.4,0.4,,,,,,,,0.2806666666666667,0.0,0.0290534496307373
random,"random n=10, p+=0.500",10,0.05,0.5,,,,,,1.434731818181818,0.955061383061383,0.36999999999999994,0.297,0.048723459243774345
random,"random n=10, p+=0.500",10,0.15,0.5,,,,,,1.4906150793650794,0.9717009379509379,0.36999999999999994,0.17650000000000002,0.04003131389617915
random,"random n=10, p+=0.500",10,0.25,0.5,,,,,,1.5161904761904759,0.9652738095238095,0.36999999999999994,0.08833333333333333,0.03640270233154295
random,"random n=10, p+=0.500",10,0.4,0.5,,,,,,1.3464912280701753,0.9732456140350877,0.36999999999999994,0.013833333333333333,0.030209064483642502
random,"random n=10, p+=0.600",10,0.05,0.6,,,,,,1.4197693972693972,0.9846335331335331,0.4251666666666666,0.35483333333333333,0.047656059265136705
random,"random n=10, p+=0.600",10,0.15,0.6,,,,,,1.4783588744588743,0.9843069985569985,0.4251666666666666,0.23516666666666666,0.042180061340332003
random,"random n=10, p+=0.600",10,0.25,0.6,,,,,,1.495280158730159,0.9821587301587303,0.4251666666666666,0.14,0.0359425544738769
random,"random n=10, p+=0.600",10,0.4,0.6,,,,,,1.583661904761905,0.9781428571428572,0.4251666666666666,0.04533333333333333,0.02984368801116935
random,"random n=10, p+=0.700",10,0.05,0.7,,,,,,1.4499528360528362,0.9957948717948717,0.4281666666666667,0.3678333333333334,0.044957756996154744
random,"random n=10, p+=0.700",10,0.15,0.7,,,,,,1.5318897990897993,0.9952214452214453,0.4281666666666667,0.26166666666666666,0.04072260856628415
random,"random n=10, p+=0.700",10,0.25,0.7,,,,,,1.5559148351648353,0.9958791208791209,0.4281666666666667,0.17533333333333334,0.0347640514373779
random,"random n=10, p+=0.700",10,0.4,0.7,,,,,,1.6674363636363636,0.9872294372294372,0.4281666666666667,0.08116666666666666,0.0299216508865356
random,"random n=10, p+=0.800",10,0.05,0.8,,,,,,1.778016428016428,1.0,0.37916666666666665,0.3343333333333333,0.042052865028381306
random,"random n=10, p+=0.800",10,0.15,0.8,,,,,,1.9554712121212119,1.0,0.37916666666666665,0.25383333333333336,0.0384720563888549
random,"random n=10, p+=0.800",10,0.25,0.8,,,,,,1.9957294372294374,0.9974848484848485,0.37916666666666665,0.18416666666666667,0.032898068428039495
random,"random n=10, p+=0.800",10,0.4,0.8,,,,,,1.9483896825396823,0.9937797619047619,0.37916666666666665,0.10233333333333335,0.028621435165405253
random,"random n=15, p+=0.200",15,0.05,0.2,,,,,,1.373410372960373,0.9129917582417584,0.08967032967032966,0.05116483516483516,0.16006731986999506
random,"random n=15, p+=0.200",15,0.15,0.2,,,,,,1.2102916666666665,0.98125,0.08967032967032966,0.006109890109890109,0.12926352024078364
random,"random n=15, p+=0.200",15,0.25,0.2,,,,,,,,0.08967032967032966,0.0,0.10996937751770015
random,"random n=15, p+=0.200",15,0.4,0.2,,,,,,,,0.08967032967032966,0.0,0.0959280729293823
random,"random n=15, p+=0.300",15,0.05,0.3,,,,,,1.43177569924056,0.8510425617554102,0.18567032967032965,0.1322637362637363,0.1914535760879516
random,"random n=15, p+=0.300",15,0.15,0.3,,,,,,1.4212223054723057,0.9204026945276945,0.18567032967032965,0.049802197802197794,0.1491116285324096
random,"random n=15, p+=0.300",15,0.25,0.3,,,,,,1.2912280701754386,0.9747807017543861,0.18567032967032965,0.005186813186813186,0.12556087970733643
random,"random n=15, p+=0.300",15,0.4,0.3,,,,,,,,0.18567032967032965,0.0,0.10710740089416501
random,"random n=15, p+=0.400",15,0.05,0.4,,,,,,1.412350515599276,0.8462309275441359,0.28360439560439565,0.22030769230769232,0.2274034023284912
random,"random n=15, p+=0.400",15,0.15,0.4,,,,,,1.4300421437094035,0.8961290741851887,0.28360439560439565,0.11323076923076922,0.18488538265228271
random,"random n=15, p+=0.400",15,0.25,0.4,,,,,,1.441211593961594,0.9444761072261072,0.28360439560439565,0.038857142857142854,0.1445651054382324
random,"random n=15, p+=0.400",15,0.4,0.4,,,,,,,,0.28360439560439565,0.0,0.1172586679458618
random,"random n=15, p+=0.500",15,0.05,0.5,,,,,,1.407886934952974,0.8788398949674401,0.3712087912087912,0.3041318681318682,0.2611708641052246
random,"random n=15, p+=0.500",15,0.15,0.5,,,,,,1.428540836078162,0.8908526578185558,0.3712087912087912,0.18637362637362634,0.2245349884033203
random,"random n=15, p+=0.500",15,0.25,0.5,,,,,,1.4386694105856006,0.9208763115618807,0.3712087912087912,0.09349450549450548,0.16953194141387934
random,"random n=15, p+=0.500",15,0.4,0.5,,,,,,1.5282043650793653,0.9706638558201056,0.3712087912087912,0.01630769230769231,0.1417790651321411
random,"random n=15, p+=0.600",15,0.05,0.6,,,,,,1.3750454990285395,0.922728763768481,0.42936263736263736,0.36325274725274725,0.2613544464111328
random,"random n=15, p+=0.600",15,0.15,0.6,,,,,,1.3987009726181672,0.9133830264143848,0.42936263736263736,0.24369230769230768,0.2604759931564331
random,"random n=15, p+=0.600",15,0.25,0.6,,,,,,1.4368096623522257,0.9266488189215214,0.42936263736263736,0.14391208791208793,0.18169343471527094
random,"random n=15, p+=0.600",15,0.4,0.6,,,,,,1.5294370074370074,0.9477980796980797,0.42936263736263736,0.04813186813186813,0.14339554309844965
random,"random n=15, p+=0.700",15,0.05,0.7,,,,,,1.476035100189457,0.9936307085150776,0.44065934065934065,0.3834725274725274,0.1752139329910278
random,"random n=15, p+=0.700",15,0.15,0.7,,,,,,1.4795543070684716,0.9894060551836412,0.44065934065934065,0.27718681318681315,0.17588055133819575
random,"random n=15, p+=0.700",15,0.25,0.7,,,,,,1.4767015629402331,0.9722149944495213,0.44065934065934065,0.18430769230769228,0.14408612251281736
random,"random n=15, p+=0.700",15,0.4,0.7,,,,,,1.517385670908039,0.9691719335599532,0.44065934065934065,0.08312087912087911,0.1139619350433349
random,"random n=15, p+=0.800",15,0.05,0.8,,,,,,1.8392582861291529,1.0,0.382065934065934,0.34030769230769226,0.1528794765472412
random,"random n=15, p+=0.800",15,0.15,0.8,,,,,,1.8708352425207497,1.0,0.382065934065934,0.2583736263736263,0.13596653938293451
random,"random n=15, p+=0.800",15,0.25,0.8,,,,,,1.8458928417294458,0.9995833333333333,0.382065934065934,0.18483516483516482,0.12141609191894531
random,"random n=15, p+=0.800",15,0.4,0.8,,,,,,1.7138130465853376,0.9897373939482685,0.382065934065934,0.09753846153846153,0.105770468711853
random,"random n=20, p+=0.200",20,0.05,0.2,,,,,,1.4180609953513976,0.8487117365199375,0.09422807017543859,0.053947368421052626,0.48270297050476074
random,"random n=20, p+=0.200",20,0.15,0.2,,,,,,1.355748299319728,0.9687560738581146,0.09422807017543859,0.005894736842105263,0.44216954708099365
random,"random n=20, p+=0.200",20,0.25,0.2,,,,,,,,0.09422807017543859,0.0,0.3196775913238525
random,"random n=20, p+=0.200",20,0.4,0.2,,,,,,,,0.09422807017543859,0.0,0.2755535840988159
random,"random n=20, p+=0.300",20,0.05,0.3,,,,,,1.4390401304790275,0.8023946067472643,0.18759649122807015,0.13156140350877193,0.5943698883056641
random,"random n=20, p+=0.300",20,0.15,0.3,,,,,,1.4410505671505773,0.8851574167744581,0.18759649122807015,0.04840350877192981,0.6692603826522827
random,"random n=20, p+=0.300",20,0.25,0.3,,,,,,1.445036443148688,0.9696550048590864,0.18759649122807015,0.00549122807017544,0.3722130060195923
random,"random n=20, p+=0.300",20,0.4,0.3,,,,,,,,0.18759649122807015,0.0,0.3262799978256225
random,"random n=20, p+=0.400",20,0.05,0.4,,,,,,1.429174552969142,0.7946556186937981,0.2891754385964912,0.22322807017543858,0.8467210531234741
random,"random n=20, p+=0.400",20,0.15,0.4,,,,,,1.4412741542464322,0.830481849116322,0.2891754385964912,0.11557894736842104,1.0829745531082153
random,"random n=20, p+=0.400",20,0.25,0.4,,,,,,1.4649274892376283,0.9116608605317971,0.2891754385964912,0.041105263157894735,0.5202414989471436
random,"random n=20, p+=0.400",20,0.4,0.4,,,,,,,,0.2891754385964912,0.0,0.43109893798828125
random,"random n=20, p+=0.500",20,0.05,0.5,,,,,,1.3692913140711296,0.8119246926444298,0.3770350877192983,0.30766666666666664,1.3259245157241821
random,"random n=20, p+=0.500",20,0.15,0.5,,,,,,1.4107673903759745,0.8267078606095188,0.3770350877192983,0.1884912280701755,1.8103210926055908
random,"random n=20, p+=0.500",20,0.25,0.5,,,,,,1.4363053199945162,0.8596206762186591,0.3770350877192983,0.09547368421052632,0.7861655950546265
random,"random n=20, p+=0.500",20,0.4,0.5,,,,,,1.5024217615717612,0.9634640174640176,0.3770350877192983,0.014491228070175438,0.624264121055603
random,"random n=20, p+=0.600",20,0.05,0.6,,,,,,1.3356835334365649,0.8762802935085371,0.4323157894736842,0.36633333333333334,1.399047613143921
random,"random n=20, p+=0.600",20,0.15,0.6,,,,,,1.3645706413554957,0.8555447127356062,0.4323157894736842,0.2463859649122807,1.742772102355957
random,"random n=20, p+=0.600",20,0.25,0.6,,,,,,1.3978908964115981,0.8560145380189843,0.4323157894736842,0.14773684210526317,0.8770620822906494
random,"random n=20, p+=0.600",20,0.4,0.6,,,,,,1.468592023788917,0.9129690235181604,0.4323157894736842,0.046087719298245615,0.6578664779663086
random,"random n=20, p+=0.700",20,0.05,0.7,,,,,,1.4805233451375608,0.9927686451741525,0.4384561403508772,0.380578947368421,0.48580896854400635
random,"random n=20, p+=0.700",20,0.15,0.7,,,,,,1.46810136338399,0.980799268971027,0.4384561403508772,0.2750877192982456,0.7337750196456909
random,"random n=20, p+=0.700",20,0.25,0.7,,,,,,1.4654419974306896,0.9555483278047331,0.4384561403508772,0.18384210526315792,0.49594688415527344
random,"random n=20, p+=0.700",20,0.4,0.7,,,,,,1.487919038099679,0.9316124628102945,0.4384561403508772,0.08070175438596491,0.36737656593322754
random,"random n=20, p+=0.800",20,0.05,0.8,,,,,,1.8979048035988129,1.0,0.3798245614035087,0.3352105263157894,0.4182585477828979
random,"random n=20, p+=0.800",20,0.15,0.8,,,,,,1.9454756718807875,1.0,0.3798245614035087,0.2538245614035088,0.37201094627380366
random,"random n=20, p+=0.800",20,0.25,0.8,,,,,,1.8830440788180898,0.9998717892935357,0.3798245614035087,0.18108771929824563,0.3367960453033447
random,"random n=20, p+=0.800",20,0.4,0.8,,,,,,1.6908667751279005,0.9898246667645677,0.3798245614035087,0.09496491228070175,0.29620158672332764
random,"random n=25, p+=0.200",25,0.05,0.2,,,,,,1.4621868286295103,0.8075417880155277,0.09602608695652176,0.05518260869565217,0.8081340789794922
random,"random n=25, p+=0.200",25,0.15,0.2,,,,,,1.389347186147186,0.9617117604617604,0.09602608695652176,0.006147826086956521,1.827138066291809
random,"random n=25, p+=0.200",25,0.25,0.2,,,,,,,,0.09602608695652176,0.0,0.5045034885406494
random,"random n=25, p+=0.200",25,0.4,0.2,,,,,,,,0.09602608695652176,0.0,0.4429550170898437
random,"random n=25, p+=0.300",25,0.05,0.3,,,,,,1.4527740456445288,0.7498137515863139,0.19002608695652173,0.13324347826086957,1.568327784538269
random,"random n=25, p+=0.300",25,0.15,0.3,,,,,,1.453205535543477,0.825323339621404,0.19002608695652173,0.04822608695652173,3.2536654472351074
random,"random n=25, p+=0.300",25,0.25,0.3,,,,,,1.4002333555333555,0.9701085026085025,0.19002608695652173,0.005600000000000001,0.894660472869873
random,"random n=25, p+=0.300",25,0.4,0.3,,,,,,,,0.19002608695652173,0.0,0.8190585374832153
random,"random n=25, p+=0.400",25,0.05,0.4,,,,,,1.4052005603096884,0.7414384254154177,0.29062608695652176,0.22462608695652173,2.917654514312744
random,"random n=25, p+=0.400",25,0.15,0.4,,,,,,1.4396442996238517,0.7742640310837069,0.29062608695652176,0.11449565217391305,4.228284001350403
random,"random n=25, p+=0.400",25,0.25,0.4,,,,,,1.4326992399369514,0.8540968101519826,0.29062608695652176,0.041817391304347834,1.6992576122283936
random,"random n=25, p+=0.400",25,0.4,0.4,,,,,,,,0.29062608695652176,0.0,1.530888319015503
random,"random n=25, p+=0.500",25,0.05,0.5,,,,,,1.3438706439825012,0.7629372176649893,0.37670434782608686,0.3070782608695652,5.103999376296997
random,"random n=25, p+=0.500",25,0.15,0.5,,,,,,1.3703212041742268,0.7682507071897006,0.37670434782608686,0.18576521739130436,10.46896517276764
random,"random n=25, p+=0.500",25,0.25,0.5,,,,,,1.4076713505677965,0.8010929786691436,0.37670434782608686,0.09532173913043479,2.693157911300659
random,"random n=25, p+=0.500",25,0.4,0.5,,,,,,1.4970796370897765,0.9394669756735352,0.37670434782608686,0.01433913043478261,2.3939599990844727
random,"random n=25, p+=0.600",25,0.05,0.6,,,,,,1.3123462378923059,0.8374827103172987,0.43267826086956523,0.3646782608695651,8.929333448410034
random,"random n=25, p+=0.600",25,0.15,0.6,,,,,,1.3379050629209035,0.8164979010439736,0.43267826086956523,0.24281739130434782,11.513771057128906
random,"random n=25, p+=0.600",25,0.25,0.6,,,,,,1.3777491886864808,0.8187410949285524,0.43267826086956523,0.14680869565217392,3.159628987312317
random,"random n=25, p+=0.600",25,0.4,0.6,,,,,,1.4592931990757805,0.8838026343580312,0.43267826086956523,0.04642608695652174,3.664143204689026
random,"random n=25, p+=0.700",25,0.05,0.7,,,,,,1.4913921953326832,0.9899696495719337,0.4403913043478261,0.3806956521739131,0.832476019859314
random,"random n=25, p+=0.700",25,0.15,0.7,,,,,,1.4419426222229177,0.9634327971004228,0.4403913043478261,0.2722173913043478,3.196853756904602
random,"random n=25, p+=0.700",25,0.25,0.7,,,,,,1.4295966703650294,0.9249633323730682,0.4403913043478261,0.18193043478260873,0.9857566356658936
random,"random n=25, p+=0.700",25,0.4,0.7,,,,,,1.445410691799506,0.8909307784875442,0.4403913043478261,0.08006956521739131,1.125960111618042
random,"random n=25, p+=0.800",25,0.05,0.8,,,,,,1.9266051510416127,1.0,0.38130434782608696,0.3360695652173913,0.5731151103973389
random,"random n=25, p+=0.800",25,0.15,0.8,,,,,,1.9636788697393763,1.0,0.38130434782608696,0.25321739130434784,0.7725603580474854
random,"random n=25, p+=0.800",25,0.25,0.8,,,,,,1.8819728895284769,1.0,0.38130434782608696,0.18157391304347825,0.4354511499404907
random,"random n=25, p+=0.800",25,0.4,0.8,,,,,,1.65496450825961,0.9887640089793674,0.38130434782608696,0.09618260869565218,0.7110099792480469
random,"random n=30, p+=0.200",30,0.05,0.2,,,,,,1.4579546421442588,0.7532066986404424,0.09496551724137932,0.05461083743842365,3.23767352104187
random,"random n=30, p+=0.200",30,0.15,0.2,,,,,,1.379469290839879,0.9294062334724099,0.09496551724137932,0.0059655172413793115,7.611993432044983
random,"random n=30, p+=0.200",30,0.25,0.2,,,,,,,,0.09496551724137932,0.0,1.2136259078979492
random,"random n=30, p+=0.200",30,0.4,0.2,,,,,,,,0.09496551724137932,0.0,0.9971020221710205
random,"random n=30, p+=0.300",30,0.05,0.3,,,,,,1.4414386154992416,0.7152964301449047,0.1900246305418719,0.1336896551724138,11.333826541900635
random,"random n=30, p+=0.300",30,0.15,0.3,,,,,,1.4488464569552297,0.7794162906918928,0.1900246305418719,0.04851724137931034,14.9073646068573
random,"random n=30, p+=0.300",30,0.25,0.3,,,,,,1.3970775041951509,0.9422382299073476,0.1900246305418719,0.005704433497536945,3.399083375930786
random,"random n=30, p+=0.300",30,0.4,0.3,,,,,,,,0.1900246305418719,0.0,3.1684439182281494
random,"random n=30, p+=0.400",30,0.05,0.4,,,,,,1.3795042395967834,0.7089682004402372,0.2883940886699507,0.22259113300492608,36.146055459976196
random,"random n=30, p+=0.400",30,0.15,0.4,,,,,,1.4151061112872996,0.7379832144769481,0.2883940886699507,0.11363546798029554,26.563316464424133
random,"random n=30, p+=0.400",30,0.25,0.4,,,,,,1.4345667775221917,0.8130237484497596,0.2883940886699507,0.04116256157635467,8.626908540725708
random,"random n=30, p+=0.400",30,0.4,0.4,,,,,,,,0.2883940886699507,0.0,7.817740201950073
random,"random n=30, p+=0.500",30,0.05,0.5,,,,,,1.3236862455075067,0.7326198751198721,0.3738669950738916,0.30429556650246303,59.03315281867981
random,"random n=30, p+=0.500",30,0.15,0.5,,,,,,1.3645341408271263,0.7407903289942496,0.3738669950738916,0.1833694581280788,39.37987554073334
random,"random n=30, p+=0.500",30,0.25,0.5,,,,,,1.398238780143667,0.7662806175174885,0.3738669950738916,0.09314285714285714,15.812554121017456
random,"random n=30, p+=0.500",30,0.4,0.5,,,,,,1.4619351740651567,0.9143423626708416,0.3738669950738916,0.014221674876847293,13.08368968963623
random,"random n=30, p+=0.600",30,0.05,0.6,,,,,,1.3024414716245496,0.8103892472957667,0.4309261083743842,0.3637635467980296,56.466890931129456
random,"random n=30, p+=0.600",30,0.15,0.6,,,,,,1.3353084212397182,0.7847173588446559,0.4309261083743842,0.24360591133004925,43.01501643657684
random,"random n=30, p+=0.600",30,0.25,0.6,,,,,,1.3719770961722852,0.7842304148438953,0.4309261083743842,0.1467192118226601,18.92121982574463
random,"random n=30, p+=0.600",30,0.4,0.6,,,,,,1.4192385645714476,0.8277236383328426,0.4309261083743842,0.047167487684729066,15.369829893112183
random,"random n=30, p+=0.700",30,0.05,0.7,,,,,,1.4842210312885822,0.9912991042543396,0.4371527093596059,0.3786995073891625,2.5694594383239746
random,"random n=30, p+=0.700",30,0.15,0.7,,,,,,1.4370176864993371,0.9555066847346807,0.4371527093596059,0.27223152709359605,4.410115122795105
random,"random n=30, p+=0.700",30,0.25,0.7,,,,,,1.4015470809761874,0.8912724683312047,0.4371527093596059,0.18204926108374386,4.069914937019348
random,"random n=30, p+=0.700",30,0.4,0.7,,,,,,1.4124268720665276,0.8511050755685173,0.4371527093596059,0.08075369458128077,2.235994815826416
random,"random n=30, p+=0.800",30,0.05,0.8,,,,,,1.9304815634544972,1.0,0.3800886699507388,0.33542857142857135,1.773710012435913
random,"random n=30, p+=0.800",30,0.15,0.8,,,,,,1.998268582280118,1.0,0.3800886699507388,0.2529408866995074,2.437978148460388
random,"random n=30, p+=0.800",30,0.25,0.8,,,,,,1.907725708050966,0.9991964285714287,0.3800886699507388,0.18133004926108373,0.717427134513855
random,"random n=30, p+=0.800",30,0.4,0.8,,,,,,1.6449385173424438,0.9885902311888978,0.3800886699507388,0.09607389162561576,0.7647687196731567
