n,p_positive,p_delete,runs,avg_edges_deleted,avg_complete_ilp_cost,avg_edge_ilp_with4_cost,avg_edge_ilp_without4_cost,avg_new_over_complete_ilp,avg_cost_reduction_fraction,avg_complete_lp_ratio,avg_edge_lp_ratio_with4,avg_complete_pivot_ratio,avg_edge_pivot_ratio_with4,avg_complete_bad_triangles,avg_edge_bad_triangles,avg_bad_triangle_removed_fraction,avg_bad_4_cycles,cost_changed_by_4cycles_fraction,clustering_changed_by_4cycles_fraction
5,0.2,0.05,50,0.48,0.64,0.42,0.42,0.66,0.34,0.97,0.9722222222222222,1.02,1.0555555555555556,0.94,0.6,0.36666666666666664,0.0,0.0,0.0
5,0.2,0.15,50,1.66,0.64,0.08,0.08,0.1,0.9,0.97,1.0,1.02,1.0,0.94,0.08,0.9433333333333334,0.0,0.0,0.0
5,0.2,0.25,50,2.48,0.64,0.0,0.0,0.0,1.0,0.97,,1.02,,0.94,0.0,1.0,0.0,0.0,0.0
5,0.2,0.40,50,3.78,0.64,0.0,0.0,0.0,1.0,0.97,,1.02,,0.94,0.0,1.0,0.0,0.0,0.0
5,0.3,0.05,50,0.48,0.94,0.62,0.62,0.680952380952381,0.319047619047619,0.9857142857142858,0.9903846153846154,1.0404761904761906,1.0576923076923077,1.58,1.06,0.33537414965986395,0.0,0.0,0.0
5,0.3,0.15,50,1.66,0.94,0.24,0.24,0.24523809523809523,0.7547619047619047,0.9857142857142858,1.0,1.0404761904761906,1.1666666666666667,1.58,0.3,0.8315192743764173,0.0,0.0,0.0
5,0.3,0.25,50,2.48,0.94,0.02,0.02,0.014285714285714285,0.9857142857142858,0.9857142857142858,1.0,1.0404761904761906,1.0,1.58,0.02,0.9928571428571429,0.0,0.0,0.0
5,0.3,0.40,50,3.78,0.94,0.0,0.0,0.0,1.0,0.9857142857142858,,1.0404761904761906,,1.58,0.0,1.0,0.0,0.0,0.0
5,0.4,0.05,50,0.48,1.26,1.06,1.06,0.8178294573643411,0.1821705426356589,0.9806201550387597,0.9819819819819819,1.058139534883721,1.054054054054054,2.28,1.76,0.25155038759689924,0.0,0.0,0.0
5,0.4,0.15,50,1.66,1.26,0.56,0.56,0.4186046511627907,0.5813953488372093,0.9806201550387597,0.9895833333333334,1.058139534883721,1.0416666666666667,2.28,0.74,0.7151162790697675,0.0,0.0,0.0
5,0.4,0.25,50,2.48,1.26,0.2,0.2,0.14728682170542637,0.8527131782945736,0.9806201550387597,1.0,1.058139534883721,1.0,2.28,0.22,0.9178294573643411,0.0,0.0,0.0
5,0.4,0.40,50,3.78,1.26,0.0,0.0,0.0,1.0,0.9806201550387597,,1.058139534883721,,2.28,0.0,1.0,0.0,0.0,0.0
5,0.5,0.05,50,0.48,1.64,1.42,1.42,0.8546099290780141,0.1453900709219858,0.9929078014184397,0.9962121212121212,1.0851063829787233,1.1136363636363635,3.34,2.62,0.20851063829787234,0.0,0.0,0.0
5,0.5,0.15,50,1.66,1.64,0.78,0.78,0.46808510638297873,0.5319148936170213,0.9929078014184397,1.0,1.0851063829787233,1.109375,3.34,1.22,0.6514184397163121,0.02,0.0,0.0
5,0.5,0.25,50,2.48,1.64,0.38,0.38,0.2375886524822695,0.7624113475177305,0.9929078014184397,1.0,1.0851063829787233,1.0294117647058822,3.34,0.52,0.8421985815602837,0.0,0.0,0.0
5,0.5,0.40,50,3.78,1.64,0.0,0.0,0.0,1.0,0.9929078014184397,,1.0851063829787233,,3.34,0.0,1.0,0.0,0.0,0.0
5,0.6,0.05,50,0.48,2.08,1.84,1.84,0.8707482993197279,0.1292517006802721,0.9914965986394558,0.9911347517730497,1.1547619047619047,1.1542553191489362,4.46,3.78,0.1686103012633625,0.0,0.0,0.0
5,0.6,0.15,50,1.66,2.08,1.26,1.24,0.5833333333333334,0.4166666666666667,0.9914965986394558,0.9958333333333333,1.1547619047619047,1.1791666666666667,4.46,2.36,0.5141885325558795,0.04,0.02,0.0
5,0.6,0.25,50,2.48,2.08,0.84,0.8,0.39285714285714285,0.6071428571428571,0.9914965986394558,0.9947916666666666,1.1547619047619047,1.25,4.46,1.4,0.7073372206025267,0.06,0.04,0.04
5,0.6,0.40,50,3.78,2.08,0.34,0.28,0.18027210884353742,0.8197278911564626,0.9914965986394558,1.0,1.1547619047619047,1.09375,4.46,0.38,0.9057823129251701,0.1,0.06,0.06
5,0.7,0.05,50,0.48,2.22,2.0,2.0,0.9115646258503401,0.08843537414965986,0.9829931972789115,0.9863945578231292,1.2040816326530612,1.1734693877551021,5.08,4.36,0.14052478134110788,0.0,0.0,0.0
5,0.7,0.15,50,1.66,2.22,1.64,1.6,0.7636054421768708,0.23639455782312924,0.9829931972789115,0.9878472222222222,1.2040816326530612,1.2083333333333333,5.08,2.88,0.4333819241982507,0.12,0.04,0.02
5,0.7,0.25,50,2.48,2.22,1.26,1.18,0.5901360544217688,0.4098639455782313,0.9829931972789115,0.9924242424242424,1.2040816326530612,1.25,5.08,2.0,0.5970359572400389,0.16,0.08,0.08
5,0.7,0.40,50,3.78,2.22,0.64,0.56,0.3333333333333333,0.6666666666666666,0.9829931972789115,1.0,1.2040816326530612,1.2321428571428572,5.08,0.86,0.8196307094266277,0.16,0.08,0.08
5,0.8,0.05,50,0.48,1.78,1.62,1.62,0.9319727891156463,0.06802721088435373,1.0,1.0,1.1428571428571428,1.1224489795918366,4.18,3.6,0.12643343051506317,0.0,0.0,0.0
5,0.8,0.15,50,1.66,1.78,1.4,1.38,0.8367346938775511,0.16326530612244897,1.0,1.0,1.1428571428571428,1.2448979591836735,4.18,2.44,0.39412050534499515,0.16,0.02,0.02
5,0.8,0.25,50,2.48,1.78,1.24,1.18,0.7517006802721088,0.24829931972789115,1.0,1.0,1.1428571428571428,1.3695652173913044,4.18,1.82,0.5539844509232265,0.2,0.06,0.06
5,0.8,0.40,50,3.78,1.78,0.76,0.64,0.4931972789115646,0.5068027210884354,1.0,1.0,1.1428571428571428,1.2272727272727273,4.18,0.84,0.7880952380952381,0.3,0.12,0.14
10,0.2,0.05,50,2.24,4.48,3.14,3.14,0.7153095238095238,0.28469047619047616,0.9320833333333334,0.9381666666666667,1.0548333333333333,1.0703333333333334,11.62,6.68,0.4082165530398469,0.02,0.0,0.0
10,0.2,0.15,50,6.74,4.48,0.58,0.58,0.13338095238095238,0.8666190476190476,0.9320833333333334,0.9682539682539683,1.0548333333333333,1.0476190476190477,11.62,0.84,0.9228487921607117,0.0,0.0,0.0
10,0.2,0.25,50,11.18,4.48,0.0,0.0,0.0,1.0,0.9320833333333334,,1.0548333333333333,,11.62,0.0,1.0,0.0,0.0,0.0
10,0.2,0.40,50,17.8,4.48,0.0,0.0,0.0,1.0,0.9320833333333334,,1.0548333333333333,,11.62,0.0,1.0,0.0,0.0,0.0
10,0.3,0.05,50,2.24,6.94,5.4,5.4,0.788083694083694,0.21191630591630592,0.929849025974026,0.9486785714285714,1.124119769119769,1.0885396825396825,22.64,15.4,0.31239703023030524,0.06,0.0,0.06
10,0.3,0.15,50,6.74,6.94,2.74,2.74,0.3861378066378066,0.6138621933621934,0.929849025974026,0.9663627152988855,1.124119769119769,1.0604863221884497,22.64,5.8,0.7533381407174111,0.08,0.0,0.04
10,0.3,0.25,50,11.18,6.94,0.54,0.54,0.07177056277056276,0.9282294372294372,0.929849025974026,0.9642857142857143,1.124119769119769,1.0,22.64,0.64,0.9740219933514186,0.0,0.0,0.0
10,0.3,0.40,50,17.8,6.94,0.0,0.0,0.0,1.0,0.929849025974026,,1.124119769119769,,22.64,0.0,1.0,0.0,0.0,0.0
10,0.4,0.05,50,2.24,9.2,7.8,7.8,0.8546103896103896,0.14538961038961037,0.9294859307359308,0.9420944564694564,1.1589733044733044,1.1346147186147186,33.68,25.16,0.24785306752353617,0.2,0.0,0.12
10,0.4,0.15,50,6.74,9.2,5.12,5.08,0.5575223665223665,0.44247763347763347,0.9294859307359308,0.9661587301587302,1.1589733044733044,1.108436507936508,33.68,12.84,0.6203221110862545,0.48,0.04,0.12
10,0.4,0.25,50,11.18,9.2,2.48,2.38,0.2663809523809524,0.7336190476190476,0.9294859307359308,0.9718085106382979,1.1589733044733044,1.1464539007092198,33.68,4.5,0.8667756230187553,0.42,0.1,0.2
10,0.4,0.40,50,17.8,9.2,0.0,0.0,0.0,1.0,0.9294859307359308,,1.1589733044733044,,33.68,0.0,1.0,0.0,0.0,0.0
10,0.5,0.05,50,2.24,11.12,9.84,9.84,0.8860300810300811,0.11396991896991897,0.9528628038628039,0.955061383061383,1.1809842934842936,1.1687814962814962,44.4,35.64,0.19778152073701372,0.34,0.0,0.08
10,0.5,0.15,50,6.74,11.12,7.08,6.98,0.6387302142302143,0.36126978576978575,0.9528628038628039,0.9717009379509379,1.1809842934842936,1.1738037518037518,44.4,21.18,0.5239783384099527,1.3,0.1,0.18
10,0.5,0.25,50,11.18,11.12,4.58,4.46,0.4147763902763903,0.5852236097236098,0.9528628038628039,0.9652738095238095,1.1809842934842936,1.2045714285714286,44.4,10.6,0.7623598056872345,1.36,0.12,0.22
10,0.5,0.40,50,17.8,11.12,1.28,1.1,0.11697186147186148,0.8830281385281386,0.9528628038628039,0.9732456140350877,1.1809842934842936,1.0973684210526315,44.4,1.66,0.9621743223753122,0.34,0.18,0.2
10,0.6,0.05,50,2.24,12.02,11.0,11.0,0.9166281496281496,0.08337185037185037,0.9791305361305361,0.9846335331335332,1.1675878565878566,1.1523261738261739,51.02,42.58,0.1661009935393252,0.46,0.0,0.02
10,0.6,0.15,50,6.74,12.02,8.82,8.78,0.7375793095793096,0.26242069042069044,0.9791305361305361,0.9843069985569985,1.1675878565878566,1.203463924963925,51.02,28.22,0.44615055234852635,2.06,0.04,0.18
10,0.6,0.25,50,11.18,12.02,6.64,6.58,0.5576999666999667,0.4423000333000333,0.9791305361305361,0.9821587301587301,1.1675878565878566,1.2285396825396826,51.02,16.8,0.6709500971914721,2.94,0.06,0.3
10,0.6,0.40,50,17.8,12.02,3.14,2.94,0.26316439116439116,0.7368356088356088,0.9791305361305361,0.9781428571428571,1.1675878565878566,1.2463809523809524,51.02,5.44,0.8936246192877536,1.42,0.2,0.38
10,0.7,0.05,50,2.24,11.38,10.86,10.86,0.9574951714951715,0.04250482850482851,0.9973216783216783,0.9957948717948718,1.1405476745476746,1.1729121989121989,51.38,44.14,0.13974639564886432,0.6,0.0,0.06
10,0.7,0.15,50,6.74,11.38,9.6,9.6,0.8518654678654679,0.14813453213453215,0.9973216783216783,0.9952214452214452,1.1405476745476746,1.234020091020091,51.38,31.4,0.38653788242375287,2.78,0.0,0.18
10,0.7,0.25,50,11.18,11.38,8.0,8.0,0.7148514818514818,0.28514851814851816,0.9973216783216783,0.9958791208791209,1.1405476745476746,1.271996336996337,51.38,21.04,0.5895140310903213,4.24,0.0,0.24
10,0.7,0.40,50,17.8,11.38,5.02,4.78,0.452005328005328,0.547994671994672,0.9973216783216783,0.9872294372294372,1.1405476745476746,1.3682316017316016,51.38,9.74,0.8109964260774138,3.06,0.22,0.54
10,0.8,0.05,50,2.24,8.7,8.6,8.6,0.9918398268398269,0.00816017316017316,1.0,1.0,1.1615562215562216,1.3022625707625708,45.5,40.12,0.11790918336468252,0.66,0.0,0.02
10,0.8,0.15,50,6.74,8.7,8.2,8.2,0.9562758907758908,0.04372410922410922,1.0,1.0,1.1615562215562216,1.442449494949495,45.5,30.46,0.33278750998952883,3.24,0.0,0.04
10,0.8,0.25,50,11.18,8.7,7.62,7.62,0.8948737928737929,0.10512620712620713,1.0,0.9974848484848485,1.1615562215562216,1.5572243867243867,45.5,22.1,0.5150869117760624,5.06,0.0,0.06
10,0.8,0.40,50,17.8,8.7,5.88,5.66,0.7123115773115773,0.2876884226884227,1.0,0.9937797619047619,1.1615562215562216,1.5888968253968254,45.5,12.28,0.7312806331609847,5.18,0.22,0.46
15,0.2,0.05,50,4.96,11.7,8.2,8.2,0.6979222313634078,0.3020777686365922,0.8639012964160023,0.9129917582417583,1.1687658142511084,1.1291050616050615,40.8,23.28,0.4271218832108765,0.14,0.0,0.06
15,0.2,0.15,50,15.12,11.7,1.76,1.76,0.15132342657342657,0.8486765734265734,0.8639012964160023,0.98125,1.1687658142511084,1.0375,40.8,2.78,0.9307212599226308,0.0,0.0,0.0
15,0.2,0.25,50,25.8,11.7,0.0,0.0,0.0,1.0,0.8639012964160023,,1.1687658142511084,,40.8,0.0,1.0,0.0,0.0,0.0
15,0.2,0.40,50,41.38,11.7,0.0,0.0,0.0,1.0,0.8639012964160023,,1.1687658142511084,,40.8,0.0,1.0,0.0,0.0,0.0
15,0.3,0.05,50,4.96,18.88,15.3,15.3,0.8104715120052918,0.1895284879947082,0.8208356756175877,0.85104256175541,1.2033654356830559,1.1851847872629606,84.48,60.18,0.28729014052439644,0.34,0.0,0.16
15,0.3,0.15,50,15.12,18.88,8.04,7.96,0.4213592525092054,0.5786407474907946,0.8208356756175877,0.9204026945276945,1.2033654356830559,1.1515201465201466,84.48,22.66,0.7379965788379115,0.7,0.08,0.26
15,0.3,0.25,50,25.8,18.88,1.52,1.5,0.07886443334786988,0.9211355666521301,0.8208356756175877,0.9747807017543859,1.2033654356830559,1.0394736842105263,84.48,2.36,0.9732970195758532,0.1,0.02,0.04
15,0.3,0.40,50,41.38,18.88,0.0,0.0,0.0,1.0,0.8208356756175877,,1.2033654356830559,,84.48,0.0,1.0,0.0,0.0,0.0
15,0.4,0.05,50,4.96,24.8,21.56,21.54,0.8686027625502611,0.13139723744973883,0.8347212594328963,0.8462309275441359,1.211981718797027,1.2099821444574979,129.04,100.24,0.22376978292019917,0.88,0.02,0.32
15,0.4,0.15,50,15.12,24.8,14.4,14.34,0.5778281061996007,0.42217189380039927,0.8347212594328963,0.8961290741851887,1.211981718797027,1.1909008376384538,129.04,51.52,0.6041191655664182,3.5,0.06,0.54
15,0.4,0.25,50,25.8,24.8,7.28,7.0,0.2914673072031294,0.7085326927968706,0.8347212594328963,0.9444761072261072,1.211981718797027,1.1553364413364413,129.04,17.68,0.8637882221884757,2.52,0.26,0.5
15,0.4,0.40,50,41.38,24.8,0.0,0.0,0.0,1.0,0.8347212594328963,,1.211981718797027,,129.04,0.0,1.0,0.0,0.0,0.0
15,0.5,0.05,50,4.96,30.02,26.86,26.86,0.8944178666769699,0.10558213332303007,0.8699581569414431,0.8788398949674401,1.2080747242284327,1.212179502954741,168.9,138.38,0.18193926711129185,1.66,0.0,0.18
15,0.5,0.15,50,15.12,30.02,20.76,20.72,0.6897525187394487,0.31024748126055135,0.8699581569414431,0.8908526578185559,1.2080747242284327,1.2126776086093831,168.9,84.8,0.5013357851833609,8.36,0.04,0.54
15,0.5,0.25,50,25.8,30.02,13.86,13.6,0.4596618457676905,0.5403381542323095,0.8699581569414431,0.9208763115618808,1.2080747242284327,1.198088571039944,168.9,42.54,0.7502042417833824,8.92,0.26,0.7
15,0.5,0.40,50,41.38,30.02,4.12,3.92,0.13603402983923824,0.8639659701607617,0.8699581569414431,0.9706638558201058,1.2080747242284327,1.2337549603174602,168.9,7.42,0.9566564274642666,1.18,0.18,0.42
15,0.6,0.05,50,4.96,32.84,30.54,30.54,0.929945902322579,0.07005409767742098,0.9295864255780646,0.9227287637684811,1.1711397884703518,1.1851380470173,195.36,165.28,0.15395925956283948,2.56,0.0,0.36
15,0.6,0.15,50,15.12,32.84,25.4,25.38,0.7735981004979074,0.22640189950209252,0.9295864255780646,0.913383026414385,1.1711397884703518,1.2252371180189288,195.36,110.88,0.4330878358730591,13.72,0.02,0.46
15,0.6,0.25,50,25.8,32.84,19.14,18.96,0.5831853892433049,0.41681461075669507,0.9295864255780646,0.9266488189215213,1.1711397884703518,1.2485010897666369,195.36,65.48,0.6657377564534743,18.78,0.16,0.6
15,0.6,0.40,50,41.38,32.84,9.5,8.9,0.2898560803708353,0.7101439196291647,0.9295864255780646,0.9477980796980797,1.1711397884703518,1.270507881007881,195.36,21.9,0.8884040291595366,8.1,0.42,0.82
15,0.7,0.05,50,4.96,29.52,28.62,28.62,0.9715396865219135,0.028460313478086495,0.995603004838299,0.9936307085150776,1.226408333299137,1.2558044237176933,200.5,174.48,0.12922035346764202,3.58,0.0,0.1
15,0.7,0.15,50,15.12,29.52,26.18,26.18,0.8926635796921834,0.10733642030781664,0.995603004838299,0.9894060551836413,1.226408333299137,1.2744197074833072,200.5,126.12,0.37111520345144566,19.66,0.0,0.26
15,0.7,0.25,50,25.8,29.52,22.66,22.6,0.7764954606530753,0.22350453934692469,0.995603004838299,0.9722149944495213,1.226408333299137,1.2764792354661785,200.5,83.86,0.5819325353092217,31.06,0.06,0.46
15,0.7,0.40,50,41.38,29.52,14.72,14.1,0.5069313003810321,0.4930686996189679,0.995603004838299,0.9691719335599532,1.226408333299137,1.3083203370416994,200.5,37.82,0.8112485328067054,22.32,0.5,0.88
15,0.8,0.05,50,4.96,20.64,20.58,20.58,0.9977411140583554,0.002258885941644562,1.0,1.0,1.289455981901144,1.4412654752556688,173.84,154.84,0.10898907482926255,3.56,0.0,0.0
15,0.8,0.15,50,15.12,20.64,20.36,20.36,0.9896954907161803,0.01030450928381963,1.0,1.0,1.289455981901144,1.5227201534744004,173.84,117.56,0.3244491871569016,21.5,0.0,0.02
15,0.8,0.25,50,25.8,20.64,19.66,19.66,0.9602273375486358,0.03977266245136428,1.0,0.9995833333333334,1.289455981901144,1.5332093630501156,173.84,84.1,0.5169595450465939,36.84,0.0,0.1
15,0.8,0.40,50,41.38,20.64,16.42,16.18,0.8133473152858439,0.18665268471415608,1.0,0.9897373939482685,1.289455981901144,1.4706944014877452,173.84,44.38,0.7444816056799963,34.36,0.2,0.42
20,0.2,0.05,50,9.2,23.54,16.64,16.62,0.7064894902319055,0.2935105097680944,0.7988714987619854,0.8487117365199375,1.2336445184545408,1.1718430292244062,107.42,61.5,0.4249801827756427,0.42,0.02,0.18
20,0.2,0.15,50,27.8,23.54,3.6,3.54,0.15362024415012582,0.8463797558498741,0.7988714987619854,0.9687560738581147,1.2336445184545408,1.0945578231292517,107.42,6.72,0.935502883533504,0.12,0.06,0.12
20,0.2,0.25,50,47.34,23.54,0.0,0.0,0.0,1.0,0.7988714987619854,,1.2336445184545408,,107.42,0.0,1.0,0.0,0.0,0.0
20,0.2,0.40,50,76.34,23.54,0.0,0.0,0.0,1.0,0.7988714987619854,,1.2336445184545408,,107.42,0.0,1.0,0.0,0.0,0.0
20,0.3,0.05,50,9.2,36.48,29.84,29.82,0.818661070468306,0.18133892953169398,0.7822782415753515,0.8023946067472644,1.2681748336488787,1.256730585820585,213.86,149.98,0.29866633426973005,1.34,0.02,0.38
20,0.3,0.15,50,27.8,36.48,16.3,16.2,0.44506652707481165,0.5549334729251884,0.7822782415753515,0.8851574167744581,1.2681748336488787,1.227274955055713,213.86,55.18,0.743668099469907,3.0,0.1,0.66
20,0.3,0.25,50,47.34,36.48,3.26,3.2,0.0880355062383789,0.9119644937616211,0.7822782415753515,0.9696550048590865,1.2681748336488787,1.1267492711370262,213.86,6.26,0.9718132980455129,0.34,0.06,0.14
20,0.3,0.40,50,76.34,36.48,0.0,0.0,0.0,1.0,0.7822782415753515,,1.2681748336488787,,213.86,0.0,1.0,0.0,0.0,0.0
20,0.4,0.05,50,9.2,49.04,42.28,42.28,0.861783743021414,0.138216256978586,0.7785013171419718,0.7946556186937981,1.2521162726392614,1.252418183235005,329.66,254.48,0.22935186454164988,3.58,0.0,0.42
20,0.4,0.15,50,27.8,49.04,29.28,29.22,0.5962694452393974,0.4037305547606026,0.7785013171419718,0.8304818491163221,1.2521162726392614,1.2529396844925065,329.66,131.76,0.6016126351497998,10.52,0.06,0.62
20,0.4,0.25,50,47.34,49.04,15.36,14.92,0.31241849486859846,0.6875815051314016,0.7785013171419718,0.9116608605317971,1.2521162726392614,1.2311530762838812,329.66,46.86,0.8588131711431598,6.92,0.38,0.76
20,0.4,0.40,50,76.34,49.04,0.0,0.0,0.0,1.0,0.7785013171419718,,1.2521162726392614,,329.66,0.0,1.0,0.0,0.0,0.0
20,0.5,0.05,50,9.2,59.22,53.06,53.06,0.8959225558694699,0.10407744413053005,0.8048954434472873,0.8119246926444297,1.2090966324714523,1.2330403680022985,429.82,350.74,0.18434340438547117,5.82,0.0,0.34
20,0.5,0.15,50,27.8,59.22,40.92,40.92,0.6903746139376394,0.3096253860623606,0.8048954434472873,0.8267078606095188,1.2090966324714523,1.2433668437022358,429.82,214.88,0.500796005207444,25.78,0.0,0.52
20,0.5,0.25,50,47.34,59.22,27.9,27.56,0.47061953666668593,0.529380463333314,0.8048954434472873,0.859620676218659,1.2090966324714523,1.2615497792538235,429.82,108.84,0.7471345969782351,29.4,0.32,0.72
20,0.5,0.40,50,76.34,59.22,8.1,7.48,0.13610623568453886,0.8638937643154612,0.8048954434472873,0.9634640174640176,1.2090966324714523,1.2428352203352204,429.82,16.52,0.9616020488444031,4.78,0.46,0.68
20,0.6,0.05,50,9.2,63.4,59.62,59.62,0.9408119871989646,0.0591880128010354,0.8952158252501998,0.876280293508537,1.1827606030398068,1.2045716040346275,492.84,417.62,0.15259592172507805,8.84,0.0,0.36
20,0.6,0.15,50,27.8,63.4,50.14,50.14,0.791751455574195,0.20824854442580498,0.8952158252501998,0.8555447127356063,1.1827606030398068,1.234567068543661,492.84,280.88,0.43007659068921394,45.24,0.0,0.48
20,0.6,0.25,50,47.34,63.4,38.74,38.64,0.6118507134559702,0.3881492865440298,0.8952158252501998,0.8560145380189842,1.1827606030398068,1.2642541811981869,492.84,168.42,0.6583418961033539,63.56,0.1,0.72
20,0.6,0.40,50,76.34,63.4,19.46,18.34,0.3078173659723587,0.6921826340276412,0.8952158252501998,0.9129690235181604,1.1827606030398068,1.3005318771590006,492.84,52.54,0.8933537103648646,30.3,0.78,0.96
20,0.7,0.05,50,9.2,54.34,53.48,53.48,0.9849819916268554,0.01501800837314457,0.9951825980392157,0.9927686451741524,1.2408344550641315,1.2559252206400373,499.84,433.86,0.13173121717337277,10.7,0.0,0.08
20,0.7,0.15,50,27.8,54.34,50.3,50.3,0.9285737700602698,0.07142622993973019,0.9951825980392157,0.980799268971027,1.2408344550641315,1.2846462561718017,499.84,313.6,0.3725720964814996,62.18,0.0,0.14
20,0.7,0.25,50,47.34,54.34,43.92,43.92,0.8123540215605134,0.18764597843948663,0.9951825980392157,0.9555483278047331,1.2408344550641315,1.2960627134393858,499.84,209.58,0.580547697517571,101.88,0.0,0.48
20,0.7,0.40,50,76.34,54.34,29.56,28.9,0.5494314034725826,0.4505685965274175,0.9951825980392157,0.9316124628102944,1.2408344550641315,1.3281172369597014,499.84,92.0,0.8158733225936498,80.16,0.46,0.82
20,0.8,0.05,50,9.2,37.28,37.26,37.26,0.9994871794871795,0.0005128205128205128,1.0,1.0,1.3527222190596273,1.4401002825760347,433.0,382.14,0.11795880903898513,10.24,0.0,0.0
20,0.8,0.15,50,27.8,37.28,37.16,37.16,0.9971794871794872,0.0028205128205128203,1.0,1.0,1.3527222190596273,1.5459908410774956,433.0,289.36,0.3330759560976012,68.6,0.0,0.0
20,0.8,0.25,50,47.34,37.28,36.38,36.38,0.9777165028586803,0.022283497141319702,1.0,0.9998717892935358,1.3527222190596273,1.569259812466515,433.0,206.44,0.5237808902480762,121.24,0.0,0.0
20,0.8,0.40,50,76.34,37.28,32.12,32.02,0.870901187353913,0.129098812646087,1.0,0.9898246667645677,1.3527222190596273,1.4913872242729482,433.0,108.26,0.749994111017703,122.38,0.1,0.44
25,0.2,0.05,50,14.66,39.64,28.28,28.22,0.7118485037544431,0.2881514962455569,0.7591051611983576,0.8075417880155278,1.2840157410348643,1.2496381367710212,220.86,126.92,0.4276061424777153,0.7,0.06,0.22
25,0.2,0.15,50,44.62,39.64,6.52,6.42,0.1639657859300036,0.8360342140699965,0.7591051611983576,0.9617117604617604,1.2840157410348643,1.1565440115440115,220.86,14.14,0.935870335646886,0.46,0.1,0.18
25,0.2,0.25,50,74.68,39.64,0.0,0.0,0.0,1.0,0.7591051611983576,,1.2840157410348643,,220.86,0.0,1.0,0.0,0.0,0.0
25,0.2,0.40,50,120.46,39.64,0.0,0.0,0.0,1.0,0.7591051611983576,,1.2840157410348643,,220.86,0.0,1.0,0.0,0.0,0.0
25,0.3,0.05,50,14.66,62.06,50.38,50.38,0.8114542579722352,0.1885457420277648,0.7261509222073782,0.7498137515863139,1.2855827311690133,1.2809425296976105,437.06,306.46,0.29934023997280335,3.82,0.0,0.62
25,0.3,0.15,50,44.62,62.06,27.56,27.42,0.4432831997521487,0.5567168002478513,0.7261509222073782,0.8253233396214039,1.2855827311690133,1.2391346522199869,437.06,110.92,0.74649306645951,7.56,0.14,0.8
25,0.3,0.25,50,74.68,62.06,6.3,6.1,0.10087260088693385,0.8991273991130662,0.7261509222073782,0.9701085026085026,1.2855827311690133,1.1504691974691974,437.06,12.88,0.9706997160080622,0.8,0.2,0.28
25,0.3,0.40,50,120.46,62.06,0.0,0.0,0.0,1.0,0.7261509222073782,,1.2855827311690133,,437.06,0.0,1.0,0.0,0.0,0.0
25,0.4,0.05,50,14.66,82.14,71.38,71.38,0.869065038066032,0.130934961933968,0.7334181284493639,0.7414384254154177,1.265411482215199,1.275437059294744,668.44,516.64,0.22720506079355912,9.56,0.0,0.58
25,0.4,0.15,50,44.62,82.14,49.04,48.86,0.5964574562125599,0.40354254378744014,0.7334181284493639,0.774264031083707,1.265411482215199,1.2755000333535809,668.44,263.34,0.6067671426463072,34.8,0.16,0.8
25,0.4,0.25,50,74.68,82.14,26.66,25.9,0.32409115178738057,0.6759088482126194,0.7334181284493639,0.8540968101519826,1.265411482215199,1.249959406219334,668.44,96.18,0.8567525759716141,21.04,0.56,0.94
25,0.4,0.40,50,120.46,82.14,0.0,0.0,0.0,1.0,0.7334181284493639,,1.265411482215199,,668.44,0.0,1.0,0.0,0.0,0.0
25,0.5,0.05,50,14.66,98.1,88.78,88.78,0.9050312703881999,0.09496872961180015,0.7651830780171381,0.7629372176649893,1.2196455550075613,1.2294406226549695,866.42,706.28,0.18498244098912833,16.54,0.0,0.58
25,0.5,0.15,50,44.62,98.1,68.68,68.64,0.6997675946094168,0.30023240539058316,0.7651830780171381,0.7682507071897005,1.2196455550075613,1.2484006040910265,866.42,427.26,0.507422433357716,74.74,0.04,0.68
25,0.5,0.25,50,74.68,98.1,47.2,46.72,0.48078548103672086,0.5192145189632792,0.7651830780171381,0.8010929786691436,1.2196455550075613,1.257441021536851,866.42,219.24,0.7470573990962516,73.34,0.36,0.92
25,0.5,0.40,50,120.46,98.1,13.88,13.02,0.1412474614737583,0.8587525385262417,0.7651830780171381,0.9394669756735352,1.2196455550075613,1.2951122259233714,866.42,32.98,0.961869886335633,11.08,0.6,0.9
25,0.6,0.05,50,14.66,105.12,98.54,98.54,0.9374406929326232,0.0625593070673768,0.8550335175960525,0.8374827103172986,1.1838825823679786,1.2006298145654763,995.16,838.76,0.15720835265476182,23.88,0.0,0.36
25,0.6,0.15,50,44.62,105.12,82.68,82.68,0.7866597696858977,0.2133402303141023,0.8550335175960525,0.8164979010439736,1.1838825823679786,1.2301911797978058,995.16,558.48,0.43924351670291406,126.94,0.0,0.44
25,0.6,0.25,50,74.68,105.12,64.1,63.96,0.6101884567187091,0.38981154328129086,0.8550335175960525,0.8187410949285524,1.1838825823679786,1.2502349134882158,995.16,337.66,0.6609163062700727,160.96,0.14,0.6
25,0.6,0.40,50,120.46,105.12,32.78,31.64,0.31205168374512576,0.6879483162548743,0.8550335175960525,0.8838026343580312,1.1838825823679786,1.3164610798480052,995.16,106.78,0.8925774878548508,74.14,0.78,0.96
25,0.7,0.05,50,14.66,88.04,86.92,86.92,0.9877498789753143,0.01225012102468571,0.9944710138434658,0.9899696495719337,1.2931908096108546,1.3085037298909383,1012.9,875.6,0.13535392880912886,30.22,0.0,0.02
25,0.7,0.15,50,44.62,88.04,83.1,83.1,0.9463444952070419,0.05365550479295811,0.9944710138434658,0.9634327971004227,1.2931908096108546,1.2949465899933428,1012.9,626.1,0.3818317580902578,174.14,0.0,0.16
25,0.7,0.25,50,74.68,88.04,72.94,72.92,0.8320961864054579,0.1679038135945421,0.9944710138434658,0.9249633323730683,1.2931908096108546,1.312757939666366,1012.9,418.44,0.586729046254774,263.4,0.02,0.34
25,0.7,0.40,50,120.46,88.04,49.82,49.14,0.5693436031050555,0.4306563968949445,0.9944710138434658,0.8909307784875442,1.2931908096108546,1.307667083988997,1012.9,184.16,0.8180825049384325,198.32,0.56,0.86
25,0.8,0.05,50,14.66,59.56,59.5,59.5,0.9989649122807017,0.0010350877192982456,1.0,1.0,1.3914543142590232,1.4962878009514617,877.0,772.96,0.11865197780152247,30.28,0.0,0.0
25,0.8,0.15,50,44.62,59.56,59.48,59.48,0.9986315789473684,0.0013684210526315789,1.0,1.0,1.3914543142590232,1.6243179081288641,877.0,582.4,0.33604897516580445,186.8,0.0,0.0
25,0.8,0.25,50,74.68,59.56,58.94,58.94,0.9897742242619029,0.010225775738097095,1.0,1.0,1.3914543142590232,1.6211504190254493,877.0,417.62,0.5240495925902752,315.2,0.0,0.0
25,0.8,0.40,50,120.46,59.56,53.88,53.82,0.9087950935908942,0.09120490640910585,1.0,0.9887640089793673,1.3914543142590232,1.490362362623915,877.0,221.22,0.7481943336080082,304.24,0.06,0.38
30,0.2,0.05,50,21.24,59.94,43.28,43.26,0.721800634458024,0.278199365541976,0.7208986484805349,0.7532066986404425,1.290269272151732,1.2796984255197463,385.56,221.72,0.4262590354686058,2.14,0.02,0.6
30,0.2,0.15,50,64.8,59.94,10.08,9.98,0.16863132388445193,0.8313686761155481,0.7208986484805349,0.9294062334724099,1.290269272151732,1.1742082819141644,385.56,24.22,0.9364089854599532,0.62,0.1,0.2
30,0.2,0.25,50,108.46,59.94,0.0,0.0,0.0,1.0,0.7208986484805349,,1.290269272151732,,385.56,0.0,1.0,0.0,0.0,0.0
30,0.2,0.40,50,174.28,59.94,0.0,0.0,0.0,1.0,0.7208986484805349,,1.290269272151732,,385.56,0.0,1.0,0.0,0.0,0.0
30,0.3,0.05,50,21.24,93.32,76.64,76.62,0.8208458985169411,0.1791541014830589,0.7011161379341246,0.7152964301449047,1.2898190722161276,1.2912632608939374,771.5,542.78,0.29739436240745665,7.84,0.02,0.7
30,0.3,0.15,50,64.8,93.32,42.4,42.12,0.4536165336325708,0.5463834663674292,0.7011161379341246,0.7794162906918927,1.2898190722161276,1.2867414284783736,771.5,196.98,0.7454230289123747,16.86,0.26,0.9
30,0.3,0.25,50,108.46,93.32,10.24,10.02,0.10876112022271116,0.8912388797772889,0.7011161379341246,0.9422382299073475,1.2898190722161276,1.1756040952511542,771.5,23.16,0.9703078107277442,1.66,0.22,0.52
30,0.3,0.40,50,174.28,93.32,0.0,0.0,0.0,1.0,0.7011161379341246,,1.2898190722161276,,771.5,0.0,1.0,0.0,0.0,0.0
30,0.4,0.05,50,21.24,123.9,107.94,107.94,0.8710698853815801,0.12893011461841988,0.7032965268148571,0.7089682004402371,1.2481858342873744,1.2656342130099416,1170.88,903.72,0.22814670919516428,20.96,0.0,0.68
30,0.4,0.15,50,64.8,123.9,74.32,74.12,0.5990898657881973,0.4009101342118026,0.7032965268148571,0.7379832144769481,1.2481858342873744,1.2879797811619165,1170.88,461.36,0.606622193522883,71.82,0.2,0.82
30,0.4,0.25,50,108.46,123.9,40.58,39.68,0.3268703909155308,0.6731296090844692,0.7032965268148571,0.8130237484497596,1.2481858342873744,1.2800296413426093,1170.88,167.12,0.8578081910923638,43.0,0.7,0.98
30,0.4,0.40,50,174.28,123.9,0.0,0.0,0.0,1.0,0.7032965268148571,,1.2481858342873744,,1170.88,0.0,1.0,0.0,0.0,0.0
30,0.5,0.05,50,21.24,147.76,133.54,133.54,0.9036243772312895,0.09637562276871046,0.7339431987811181,0.7326198751198719,1.215724462915546,1.2332457259828513,1517.9,1235.44,0.18636599655336084,37.4,0.0,0.52
30,0.5,0.15,50,64.8,147.76,102.68,102.66,0.6946088005798245,0.3053911994201755,0.7339431987811181,0.7407903289942497,1.215724462915546,1.2574693919773505,1517.9,744.48,0.5101583753314094,158.14,0.02,0.6
30,0.5,0.25,50,108.46,147.76,70.84,70.3,0.47902778930557427,0.5209722106944257,0.7339431987811181,0.7662806175174887,1.215724462915546,1.2768864812322693,1517.9,378.16,0.7513317029170928,158.12,0.46,0.92
30,0.5,0.40,50,174.28,147.76,21.8,20.36,0.14730054833022635,0.8526994516697737,0.7339431987811181,0.9143423626708417,1.215724462915546,1.2868882089936822,1517.9,57.74,0.9620580202924667,24.36,0.78,0.98
30,0.6,0.05,50,21.24,156.9,147.7,147.7,0.941336878714929,0.05866312128507095,0.83065407433557,0.8103892472957666,1.1868645948623755,1.2062378277366637,1749.56,1476.88,0.15596075102051082,54.56,0.0,0.38
30,0.6,0.15,50,64.8,156.9,124.72,124.72,0.7951142527286739,0.2048857472713261,0.83065407433557,0.7847173588446559,1.1868645948623755,1.2397599070576288,1749.56,989.04,0.434876599079739,271.82,0.0,0.42
30,0.6,0.25,50,108.46,156.9,97.0,96.9,0.6186072606775348,0.3813927393224652,0.83065407433557,0.7842304148438952,1.1868645948623755,1.2715366984472047,1749.56,595.68,0.6595801278383964,345.76,0.1,0.64
30,0.6,0.40,50,174.28,156.9,51.74,49.74,0.3298994410863813,0.6701005589136186,0.83065407433557,0.8277236383328426,1.1868645948623755,1.2942314363700254,1749.56,191.5,0.8905702707803308,161.38,0.96,1.0
30,0.7,0.05,50,21.24,128.4,127.54,127.54,0.9937185791889089,0.006281420811091045,0.9958077922077923,0.9912991042543395,1.2954292573268325,1.3124039794702278,1774.84,1537.52,0.1337447615338246,65.84,0.0,0.02
30,0.7,0.15,50,64.8,128.4,123.3,123.3,0.9622923145394966,0.03770768546050344,0.9958077922077923,0.9555066847346807,1.2954292573268325,1.296210372455029,1774.84,1105.26,0.37720333847451293,366.86,0.0,0.26
30,0.7,0.25,50,108.46,128.4,110.4,110.4,0.8634698683890207,0.1365301316109793,0.9958077922077923,0.8912724683312047,1.2954292573268325,1.2945725094833092,1774.84,739.12,0.5833832823510858,554.64,0.0,0.36
30,0.7,0.40,50,174.28,128.4,76.7,75.96,0.6004669445712247,0.39953305542877526,0.9958077922077923,0.8511050755685172,1.2954292573268325,1.2969325360216801,1774.84,327.86,0.8152334117032054,426.12,0.56,0.84
30,0.8,0.05,50,21.24,86.14,86.14,86.14,1.0,0.0,1.0,1.0,1.4116510087399574,1.5268841991928008,1543.16,1361.84,0.11751078794934786,66.3,0.0,0.0
30,0.8,0.15,50,64.8,86.14,85.96,85.96,0.998286530198154,0.001713469801846002,1.0,1.0,1.4116510087399574,1.654448552550756,1543.16,1026.94,0.33431923967209276,396.74,0.0,0.02
30,0.8,0.25,50,108.46,86.14,85.58,85.58,0.9943157681800222,0.0056842318199777486,1.0,0.9991964285714285,1.4116510087399574,1.647100989287068,1543.16,736.2,0.5228428238884536,665.08,0.0,0.04
30,0.8,0.40,50,174.28,86.14,80.14,80.12,0.9346882847359955,0.06531171526400445,1.0,0.9885902311888978,1.4116510087399574,1.49895479921812,1543.16,390.06,0.7474030944419766,660.8,0.02,0.14
